{
    "loss": 4.989943027496338,
    "accuracy": 0.8103448152542114
}