{
    "loss": 3.9048478603363037,
    "accuracy": 0.8448275923728943
}