{
    "loss": 0.8883800506591797,
    "accuracy": 0.9396551847457886
}